"","Opening.Day","Opening.Weekend","End.of.Week.1","Lifetime..India.Only..Net.Collection.Crores.in.Release.Year.","FirstWeekIMDBRating"
"Opening.Day",1,0.975743894939057,0.257684083833763,0.913905047909602,0.580761187391855
"Opening.Weekend",0.975743894939057,1,0.282998050115024,0.929736442179948,0.598703049647322
"End.of.Week.1",0.257684083833763,0.282998050115024,1,0.272589358993398,0.38047934425864
"Lifetime..India.Only..Net.Collection.Crores.in.Release.Year.",0.913905047909602,0.929736442179948,0.272589358993398,1,0.721084611245683
"FirstWeekIMDBRating",0.580761187391855,0.598703049647322,0.38047934425864,0.721084611245683,1
